TooltipMessage/GameManualButton/Unlock,遊戲手冊
TooltipMessage/GameManualButton/Lock,尚未解鎖視窗：遊戲手冊
TooltipMessage/GameManualItem/content/commandDetail/Lock,後面的指令尚未解鎖
GameManualItem/list/git,git
GameManualItem/list/git init,git init
GameManualItem/list/git status,git status
GameManualItem/list/git add,git add
GameManualItem/list/git reset,git reset
GameManualItem/list/git commit,git commit
GameManualItem/list/git log,git log
GameManualItem/list/git checkout,git checkout
GameManualItem/list/git branch,git branch
GameManualItem/list/git merge,git merge
GameManualItem/list/git clone,git clone
GameManualItem/list/git remote,git remote
GameManualItem/list/git push,git push
GameManualItem/list/git pull,git pull
GameManualItem/list/IntroGame,遊戲玩法和目標
GameManualItem/list/IntroGameScore,遊戲得分介紹
GameManualItem/list/IntroGetPerfect,如何完美達成目標
GameManualItem/list/IntroGetPerfect,協助功能
GameManualItem/list/IntroGameManual,視窗介紹：遊戲手冊
GameManualItem/list/IntroFileManager,視窗介紹：檔案管理
GameManualItem/list/IntroFileContent,視窗介紹：檔案內容
GameManualItem/list/IntroResultsScreen,視窗介紹：結算畫面
GameManualItem/list/IntroCommandLine,視窗介紹：命令行
GameManualItem/list/IntroStagingArea,視窗介紹：暫存區域
GameManualItem/list/IntroCommitHistory,視窗介紹：提交記錄
GameManualItem/list/IssuesBackupFile,備份檔案的問題
GameManualItem/list/IntroVersionControl,版本控制的介紹
GameManualItem/list/IntroGit,Git 的介紹
GameManualItem/list/.gitAndGitCoreAreas,.git 與 Git 的核心區域
GameManualItem/list/ProcessCreateCommit,創建提交的流程
GameManualItem/list/RuleNameBranch,命名分支的原則
GameManualItem/list/RuleCommitMessage,提交訊息的原則
GameManualItem/list/DetachedHEAD,分離 HEAD
GameManualItem/list/gitMergeModes,git merge 的合併模式
GameManualItem/list/ResolveMergeConflict,解決合併衝突
GameManualItem/list/CheckBeforeMergeMainBrach,合併至遠端主分支前的確認
GameManualWindow/content/DefaultContent,"點擊左方列表
來觀看教學內容"
GameManualItem/content/common/windowTitle,視 窗 介 紹
GameManualItem/content/common/knowledgeTitle,知 識 介 紹
GameManualItem/content/common/errorMsgTitle,錯誤操作提示訊息
GameManualItem/content/common/commandTitle,指 令 類 型 介 紹
GameManualItem/content/common/commandDetailedTitle,指 令 細 節
GameManualItem/content/common/command/use, 用途：
GameManualItem/content/common/command/scenario, 使用情境：
GameManualItem/content/common/command/example, 使用範例：
GameManualItem/content/common/command/hint, 需要注意的地方：
GameManualItem/content/common/tipTitle,小提醒：
GameManualWindow/Title,遊 戲 手 冊
GameManualWindow/CategoryButton/Command,指 令
GameManualWindow/CategoryButton/RuleAndWindow,遊 戲 規 則 與 視 窗
GameManualWindow/CategoryButton/VersionControl,版 本 控 制
GameManualWindow/ListTitle/Command,Git 指 令 列 表
GameManualWindow/ListTitle/RuleAndWindow,遊 戲 規 則 與 視 窗 教 學 列 表
GameManualWindow/ListTitle/VersionControl,版 本 控 制 教 學 列 表
GameManualItem/content/git/1,"'git' 是 Git 指令中最基礎的類型之一。

在執行大部分 Git 指令時，
您需要將 'git' 作為第 1 個指令欄位，
然後在第 2 欄位加上其他指令類型（例如：init 、add）。

而 'git' 指令類型，只需要輸入 1 個欄位的指令即可執行。
您也可以在指令前方加入其他參數來執行不同操作。

通常情況下，'git' 指令可用於以下情境：
 1. 確認當前電腦使用的 Git 系統版本。
 2. 了解可用的 Git 系統指令，以及每個指令的用途。"
GameManualItem/content/git/commandDetail/1,git <color=#CF001C>-h 或 --help</color>
GameManualItem/content/git/commandDetail/1/use,"了解所有可用 Git 指令的簡要說明。
除了執行這個指令外，
您也可以從 Git 官方網站來獲得更詳細的指令使用方法。"
GameManualItem/content/git/commandDetail/1/scenario,"1. 需要回顧之前學習的內容。
2. 查找特定指令的使用方法時。"
GameManualItem/content/git/commandDetail/1/example,當使用者 A 在使用 Git 遇到問題時，可以執行以下指令來獲得幫助：
GameManualItem/content/git/commandDetail/1/exampleBox,git <color=#CF001C>--help</color>
GameManualItem/content/git/commandDetail/1/hint,"在本遊戲中，每個指令的詳細說明都包含在遊戲手冊中。
如果想要進一步了解特定指令，
請點擊遊戲手冊按鈕或執行這個指令來開啟手冊。"
GameManualItem/content/git/commandDetail/2,git <color=#CF001C>-v 或 --version</color>
GameManualItem/content/git/commandDetail/2/use,"確認當前電腦使用的 Git 系統版本，
同時確認是否已安裝系統。"
GameManualItem/content/git/commandDetail/2/scenario,"1. 在開始使用 Git 管理專案之前。
2. 需要確認電腦是否已安裝 Git 系統。"
GameManualItem/content/git/commandDetail/2/example,"當使用者 A 想要使用 Git 來管理專案時。
可以執行以下指令來確認 Git 是否已安裝："
GameManualItem/content/git/commandDetail/2/exampleBox,git <color=#CF001C>--version</color>
GameManualItem/content/git/commandDetail/2/hint,"無特別注意事項，只需遵守基本的 Git 指令輸入規則即可。
（詳情請查看 'Git 指令的基本介紹'）"
GameManualItem/content/git init/1,"'git init' 是 Git 指令中最基礎的類型之一。

當您想要開始使用 Git 來管理您的專案時，
'git init' 將是您需要執行的第一個指令。

執行成功後，將在您指定的檔案路徑下創建一個名為 '.git' 的隱藏資料夾。
這個資料夾是 Git 管理系統的核心，它儲存著專案的管理記錄。
如果缺少這個資料夾，大多數 Git 指令將無法運作。"
GameManualItem/content/git init/commandDetail/1,git init
GameManualItem/content/git init/commandDetail/1/use,在命令行所在的路徑下創建一個 '.git' 隱藏資料夾。
GameManualItem/content/git init/commandDetail/1/scenario,1. 想要開始使用 Git 管理專案時。
GameManualItem/content/git init/commandDetail/1/example,"當使用者 A 準備使用 Git 來管理專案時，
在選定要管理的專案路徑後，執行以下指令："
GameManualItem/content/git init/commandDetail/1/exampleBox,git init
GameManualItem/content/git init/commandDetail/1/hint,"1. 確保執行指令時的路徑正確：
當您執行 'git init' 時，
Git 將在命令行所在的路徑下創建 '.git' 資料夾。

請確保這個路徑與您要管理的專案相符，
以避免不必要的混淆和困擾。"
GameManualItem/content/git status/1,"'git status' 屬於與 '暫存區域' 相關的指令類型。

透過這個指令，
您可以查看目前 Git 管理系統中的 '暫存區域' 狀態。
以便了解哪些檔案已被追蹤，哪些檔案已被修改，
以及是否準備好進行提交。"
GameManualItem/content/git status/1/tip,"在實際使用 Git 時，指令的輸出內容會顯示在命令行視窗中。
本遊戲將輸出內容，整合到 '暫存區域' 視窗中。
以便更容易查看內容，視窗的設計和實際輸出相似。"
GameManualItem/content/git status/commandDetail/1,git status
GameManualItem/content/git status/commandDetail/1/use,開啟 '暫存區域' 視窗，顯示當前 '暫存區域' 的狀態。
GameManualItem/content/git status/commandDetail/1/scenario,"1. 需要確認當前 '暫存區域' 的狀態。
2. 將檔案推入或移出 '暫存區域' 後。
3. 創建新的 '提交' 前，確認追蹤的檔案和狀態。"
GameManualItem/content/git status/commandDetail/1/example,"當使用者 A 在將修改完成的檔案推入或移出 '暫存區域' 後，
執行以下指令來查看區域中檔案的狀態："
GameManualItem/content/git status/commandDetail/1/exampleBox,git status
GameManualItem/content/git status/commandDetail/1/hint,"1. 無法即時更新內容：
在執行與 '暫存區域' 互動的指令
（例如：git add、git reset 等）後。

雖然檔案的狀態已更改，但您無法立即看到視窗中的更新。
因此，在執行這些指令後，
請再次使用 'git status' 指令以查看最新的狀態。"
GameManualItem/content/git add/1,"'git add' 是與 '暫存區域' 有關的指令類型。
透過這個指令，將檔案內容從工作目錄加入到 '暫存區域'。

成功將檔案加入 '暫存區域' 後，這些檔案會被標記為 '已追蹤'。
它們將作為下一次的 '提交'（版本記錄）。"
GameManualItem/content/git add/commandDetail/1,git add <color=#CF001C>指定的檔案名稱</color>
GameManualItem/content/git add/commandDetail/1/use,將特定檔案加入到 '已追蹤' 中。
GameManualItem/content/git add/commandDetail/1/scenario,1. 希望將特定檔案的更改保存為記錄時。
GameManualItem/content/git add/commandDetail/1/example,"當使用者 A 已經完成對 '文章A.txt' 的修改後，
可以執行以下指令，將該檔案加入到 '暫存區域' 中："
GameManualItem/content/git add/commandDetail/1/exampleBox,git add <color=#CF001C>文章A.txt</color>
GameManualItem/content/git add/commandDetail/1/hint,"1. 無法即時更新內容：
執行指令後，不會立即看到即時的反饋。
請使用 'git status' 指令查看最新的 '暫存區域' 狀態。"
GameManualItem/content/git add/commandDetail/2,git add <color=#CF001C>資料夾名稱</color>
GameManualItem/content/git add/commandDetail/2/use,將指定資料夾中的所有檔案一次性加入到 '已追蹤' 中。
GameManualItem/content/git add/commandDetail/2/scenario,1. 想要將一個資料夾中的所有檔案一次性加入 '已追蹤' 時。
GameManualItem/content/git add/commandDetail/2/example,"當使用者 A 想要一次性將 '網站圖片庫' 資料夾中的
所有檔案加入到 '暫存區域' 時。
可以執行以下指令："
GameManualItem/content/git add/commandDetail/2/exampleBox,git add <color=#CF001C>網站圖片庫</color>
GameManualItem/content/git add/commandDetail/3,git add <color=#CF001C>.</color>
GameManualItem/content/git add/commandDetail/3/use,一次性將命令行所在路徑下的所有檔案加入到 '已追蹤' 中。
GameManualItem/content/git add/commandDetail/3/scenario,"1. 想要一次性將整個工作目錄下的所有檔案加入到 '已追蹤' 中。
2. 第一次建立 Git 管理系統時，用於初始化專案。"
GameManualItem/content/git add/commandDetail/3/example,"當使用者 A 需要初始化一個新的 Git 專案。
將整個工作目錄中的檔案加入 '暫存區域' 時。
可以執行以下指令："
GameManualItem/content/git add/commandDetail/3/exampleBox,git add <color=#CF001C>.</color>
GameManualItem/content/git reset/1,"'git reset' 是功能強大的指令類型。
它涵蓋了 '暫存區域'、'提交記錄' 這些領域。

在開發專案時，如果不想要將一些檔案新增到 '暫存區域' 時，
可以使用這個指令將檔案從 '已追蹤' 區域移回 '未追蹤' 區域。"
GameManualItem/content/git reset/commandDetail/1,git reset <color=#CF001C>指定的檔案名稱</color>
GameManualItem/content/git reset/1/tip,"在實際使用 Git 時，
'git reset' 除了可以做到上述功能外，還能夠刪除 '提交記錄' 裡的 '提交'。
但是，考慮到刪除 '提交' 後造成的不可挽回性以及操作的難度。
本遊戲將略過 '刪除提交記錄' 功能，以確保學習品質。"
GameManualItem/content/git reset/commandDetail/1/use,將指定的檔案從 '已追蹤' 區域移回 '未追蹤' 區域。
GameManualItem/content/git reset/commandDetail/1/scenario,1. 當你不想要將修改後的檔案放入 '暫存區域' 時。
GameManualItem/content/git reset/commandDetail/1/example,"當使用者 A 不小心將一個重要檔案推送到 '暫存區域' 時，
可以執行以下指令將其移回 '未追蹤' 區域："
GameManualItem/content/git reset/commandDetail/1/exampleBox,git reset <color=#CF001C>機密文件.txt</color>
GameManualItem/content/git reset/commandDetail/1/hint,"1. 無法即時更新內容：
執行指令後，不會立即看到即時的反饋。
請使用 'git status' 指令查看最新的 '暫存區域' 狀態。"
GameManualItem/content/git reset/commandDetail/2,git reset <color=#CF001C>資料夾名稱</color>
GameManualItem/content/git reset/commandDetail/2/use,將指定資料夾中的所有檔案從 '已追蹤' 區域移回 '未追蹤' 區域。
GameManualItem/content/git reset/commandDetail/2/scenario,1. 希望一次性將指定資料夾中的所有檔案移回 '未追蹤' 區域時。
GameManualItem/content/git reset/commandDetail/2/example,"當使用者 A 不希望將資料夾中的大型檔案提交到 '暫存區域' 時。
可以執行以下指令將其移回 '未追蹤' 區域："
GameManualItem/content/git reset/commandDetail/2/exampleBox,git reset <color=#CF001C>未壓縮圖片庫</color>
GameManualItem/content/git reset/commandDetail/3,git reset <color=#CF001C>.</color>
GameManualItem/content/git reset/commandDetail/3/use,將命令行所在路徑下的所有檔案從 '已追蹤' 區域移回 '未追蹤' 區域。
GameManualItem/content/git reset/commandDetail/3/scenario,1. 希望一次性將整個專案的檔案移回 '未追蹤' 區域時。
GameManualItem/content/git reset/commandDetail/3/example,"當使用者 A 需要一次性將多個資料夾中的檔案移回 '未追蹤' 區域時。
可以執行以下指令："
GameManualItem/content/git reset/commandDetail/3/exampleBox,git reset <color=#CF001C>.</color>
GameManualItem/content/git commit/1,"'git commit' 是與 '提交記錄' 有關的指令類型。

這個指令是將位於 '暫存區域' 中的修改整合成一個新的 '提交'，
並將其儲存到 '儲存庫' 中的 '提交記錄' 區域。

要成功執行 'git commit'，需要滿足以下兩個條件：
1. 至少有一個檔案已經被加入 '暫存區域'。
2. 提供一個簡潔且有意義的提交訊息。
   
這個指令有助於開發者整理工作，
以便更好地追蹤不同版本修改內容和目的。"
GameManualItem/content/git commit/commandDetail/1,"git commit <color=#CF001C>-m 或 --message</color> <color=""#173D91"">""提交訊息""</color>"
GameManualItem/content/git commit/commandDetail/1/use,"用於將 '暫存區域' 中的修改整合成一個新的 '提交'，
同時提供提交訊息以說明修改的內容。"
GameManualItem/content/git commit/commandDetail/1/scenario,1. 已確定要將 '暫存區域' 中的修改保存為一個 '提交' 時。
GameManualItem/content/git commit/commandDetail/1/example,"使用者 A 最近開發了一個新的功能。
並將檔案加入至 '暫存區域'，
然後執行以下指令以創建新的 '提交'："
GameManualItem/content/git commit/commandDetail/1/exampleBox,"git commit <color=#CF001C>-m</color> <color=""#173D91"">""新增搜尋關鍵字功能""</color>"
GameManualItem/content/git commit/commandDetail/1/hint/1,"1. 提交訊息需要使用雙引號（""）包裹：
Git 指令使用空格來區分不同的指令欄位。
使用雙引號可以確保提交訊息被視為一個指令欄位。

2. 提交訊息要具體而清晰：
為了讓人能夠快速了解每個 '提交' 的內容和目的，
請確保填寫的提交訊息具體而清晰。

3. 如何在本遊戲中快速填寫提交訊息：
本遊戲提供了快速填寫提交訊息的方式，
請按照以下步驟執行正確的指令：
"
GameManualItem/content/git commit/commandDetail/1/hint/2,        1. 在命令行中輸入以下指令：
GameManualItem/content/git commit/commandDetail/1/hint/3,"git commit <color=#CF001C>-m</color> <color=""#173D91"">""""</color>"
GameManualItem/content/git commit/commandDetail/1/hint/4,"        2. 按下 Tab 鍵或搜尋功能按鈕，以開啟提交訊息的選擇視窗。
        3. 從選擇視窗中選擇最適合的提交訊息選項。
        4. 選擇後，提交訊息將自動填入指令中。"
GameManualItem/content/git commit/commandDetail/1/hint/5,"按照上述步驟，
您就可以輕鬆執行 'git commit' 指令並提交您的修改。"
GameManualItem/content/git log/1,"'git log' 是一個廣泛使用的指令類型。
它涵蓋了 '提交記錄'、'分支管理'、'遠端管理' 領域。

這個指令類型的主要作用
是讓您了解目前 Git 管理系統中的 '提交記錄' 狀態。

'提交記錄' 是 '儲存庫' 中的一個區域，用來存放專案的所有 '提交'。"
GameManualItem/content/git log/1/tip,"在實際使用 Git 時，'提交記錄' 狀態會顯示在命令行視窗中。
本遊戲將輸出內容，整合到 '提交記錄' 視窗中。
以便更容易查看內容，視窗的設計和實際輸出相似。
並整合了 'git log' 不同參數的輸出結果。"
GameManualItem/content/git log/commandDetail/1,git log
GameManualItem/content/git log/commandDetail/1/use,開啟 '提交記錄' 視窗，以顯示當前的 '提交記錄' 內容。
GameManualItem/content/git log/commandDetail/1/scenario,"1. 想要確認當前 '提交記錄' 的狀態。
2. 剛剛新建一個 '提交'。
3. 切換到其他 '提交' 後。
4. 查看本地儲存庫分支的狀態。
5. 查看遠端儲存庫分支的狀態。"
GameManualItem/content/git log/commandDetail/1/example,"當使用者完成一個新的功能並成功提交後，
可以執行以下指令來查看目前 '提交記錄' 狀態："
GameManualItem/content/git log/commandDetail/1/exampleBox,git log
GameManualItem/content/git log/commandDetail/1/hint/1,"1. 無法即時更新內容：
在執行會影響 '提交記錄' 的指令時
（例如：git commit、git checkout 等）。

雖然成功執行了指令，您無法立即看到視窗中的更新。

因此，在執行這些指令後，
請再次使用 'git log' 以查看最新的狀態。

2. '提交記錄' 視窗的設計：
在本遊戲中，將 'git log' 指令的輸出結果
整合到一個名為 '提交記錄' 的視窗中。

如果您在實際使用 Git 時需要輸入以下指令以達到相同效果："
GameManualItem/content/git log/commandDetail/1/hint/2,"git log <color=#CF001C>--oneline</color> <color=""#173D91"">--all</color> <color=#244B0E>--graph</color>"
GameManualItem/content/git log/commandDetail/1/hint/3,"以下是這些參數的功能：
'--oneline' 僅顯示 '提交ID' 和 '提交訊息'。
'--all'：顯示所有分支的 '提交記錄'。
'--graph'：通過圖示來顯示 '提交' 間關係。"
GameManualItem/content/git checkout/1,"'git checkout' 是一個廣泛使用的指令類型。
它涵蓋了 '提交記錄'、'分支管理' 這些領域。

這個指令允許您切換到不同的 '提交' 和 '分支'，
同時還會同步 '工作目錄' 中的檔案內容。"
GameManualItem/content/git checkout/commandDetail/1,git checkout <color=#CF001C>提交ID</color>
GameManualItem/content/git checkout/commandDetail/1/use,將 HEAD 移動到指定的 '提交'，以恢復專案到該 '提交' 的版本。
GameManualItem/content/git checkout/commandDetail/1/scenario,"1. 檢查不同 '提交' 的修改內容。
2. 在最新版本中發現錯誤，需要進行問題修復時。
3. 想要回到之前的版本，放棄新版本的內容時。"
GameManualItem/content/git checkout/commandDetail/1/example,"當使用者 A 需要回到先前的版本以檢查錯誤的根本原因時。
在確認了指定提交的 ID 後（例如：'123abc'）。
可以執行以下指令："
GameManualItem/content/git checkout/commandDetail/1/exampleBox,git checkout <color=#CF001C>123abc</color>
GameManualItem/content/git checkout/commandDetail/1/hint,"1. 查看完成後，需要返回到正確的分支以繼續開發：
當 HEAD 指向 '提交'，而不是指向 '分支' 時，
這被稱為 '分離 HEAD' 狀態。

在這種狀態下，新的 '提交' 不會新建在任何分支上。
這可能導致 '提交' 的遺失。

為了維護專案的管理，請在查看完內容後。
使用 'git checkout 分支名稱' 指令將 HEAD 重新指向分支。"
GameManualItem/content/git checkout/commandDetail/2,git checkout <color=#CF001C>分支名稱</color>
GameManualItem/content/git checkout/commandDetail/2/use,"將 HEAD 指向指定的 '分支'。
HEAD 將移動到該分支的最新 '提交'，以便繼續專案開發。"
GameManualItem/content/git checkout/commandDetail/2/scenario,"1. 繼續在特定分支上進行開發。
2. 準備進行分支合併操作時。"
GameManualItem/content/git checkout/commandDetail/2/example,"當使用者 A 完成查看之前版本的內容後，需要繼續在 'master' 分支上開發時。
可以執行以下指令："
GameManualItem/content/git checkout/commandDetail/2/exampleBox,git checkout <color=#CF001C>master</color>
GameManualItem/content/git checkout/commandDetail/2/hint,"1. 注意當前所在分支：
在專案開發過程中，經常會在不正確的分支開發功能。
為了造成避免不必要的混淆。
請在開發功能前，確保位於正確的分支。"
GameManualItem/content/git branch/1,"'git branch' 是與 '分支管理'、'遠端管理' 有關的指令類型

這個指令可以執行各種分支管理操作，
包括查看、新增、刪除等。

此外，加入特定參數可以查看遠端儲存庫中的遠端分支。
通常會與 'git checkout' 指令類型結合使用。"
GameManualItem/content/git branch/commandDetail/1,git branch
GameManualItem/content/git branch/commandDetail/1/use,"查看當前本地儲存庫中所有本地分支的名稱。
同時也會顯示目前 HEAD 位於哪一個 '分支' 或 '提交'。"
GameManualItem/content/git branch/commandDetail/1/scenario,"1. 確認當前 HEAD 所在位置
2. 查看儲存庫中有哪些本地分支"
GameManualItem/content/git branch/commandDetail/1/example,"當使用者 A 需要查看本地儲存庫中的所有分支，
以及 HEAD 目前所在的分支時。
可以執行以下指令："
GameManualItem/content/git branch/commandDetail/1/exampleBox,git branch
GameManualItem/content/git branch/commandDetail/1/hint,"1. 與 'git log' 指令的區別：
雖然這兩個指令都可以查看分支，但它們的用途不同。
'git branch' 用於查看儲存庫中的所有分支，
'git log' 用於查看分支的 '提交記錄'。"
GameManualItem/content/git branch/commandDetail/2,git branch <color=#CF001C>分支名稱</color>
GameManualItem/content/git branch/commandDetail/2/use,"創建一個新的本地分支。
這個分支將基於當前 HEAD 指向的 '提交' 創建，
並含有其他舊的 '提交'。"
GameManualItem/content/git branch/commandDetail/2/scenario,"1. 需要在專案上修復問題
2. 需要在專案上開發新功能"
GameManualItem/content/git branch/commandDetail/2/example,"當使用者 A 需要在專案中開發新功能時，
可以執行以下指令以創建新的分支："
GameManualItem/content/git branch/commandDetail/2/exampleBox,git branch <color=#CF001C>new-feature</color>
GameManualItem/content/git branch/commandDetail/2/hint,"1. 創建分支後需要切換到該分支：
這個指令僅用於創建分支。
如果要在新創建的分支上進行開發，
還需要使用 'git checkout' 指令切換到該分支。

2. 分支名稱要具體而清晰：
為了讓自己和團隊能夠快速了解分支的內容和目的，
請確保分支名稱具體而清晰。"
GameManualItem/content/git branch/commandDetail/3,"git branch <color=#CF001C>-d 或 --delete</color> <color=""#173D91"">分支名稱</color>"
GameManualItem/content/git branch/commandDetail/3/use,將指定的本地分支從本地儲存庫中刪除。
GameManualItem/content/git branch/commandDetail/3/scenario,1. 當分支已經完成目標並合併到主分支時
GameManualItem/content/git branch/commandDetail/3/example,"當使用者 A 已將開發功能的分支合併到主分支時，
可以執行以下指令來刪除分支："
GameManualItem/content/git branch/commandDetail/3/exampleBox,"git branch <color=#CF001C>-d</color> <color=""#173D91"">new-feature</color>"
GameManualItem/content/git branch/commandDetail/3/hint,"1. 刪除分支前，請確保已將 HEAD 移動到其他位置：
為了成功執行刪除分支指令，
請確保 HEAD 已經移動到其他分支或提交上。"
GameManualItem/content/git branch/commandDetail/4,git branch <color=#CF001C>-r 或 --remote</color>
GameManualItem/content/git branch/commandDetail/4/use,"查看所有遠端分支的名稱，這些遠端分支會以以下格式命名：
'遠端儲存庫別名/分支名稱'"
GameManualItem/content/git branch/commandDetail/4/scenario,1. 需要知道遠端儲存庫中的遠端分支名稱。
GameManualItem/content/git branch/commandDetail/4/example,"當使用者 A 想要得知使用者 B 開發的遠端分支名稱時，
可以執行以下指令："
GameManualItem/content/git branch/commandDetail/4/exampleBox,git branch <color=#CF001C>-r</color>
GameManualItem/content/git branch/commandDetail/4/hint,"1. 與 'git branch' 指令的不同處：
雖然這兩個指令都能夠查看分支名稱，但是作用不同
'git branch' 用於查看本地分支，
'git branch -r' 用於查看所有遠端分支名稱。"
GameManualItem/content/git branch/commandDetail/5,"git branch <color=#CF001C>本地分支名</color> <color=""#173D91"">遠端分支名</color>"
GameManualItem/content/git branch/commandDetail/5/use,"將指定遠端分支的 '提交記錄' 複製到一個新創建的本地分支上，
然後連接在一起。"
GameManualItem/content/git branch/commandDetail/5/scenario,"1. 需要從遠端獲取特定分支。
2. 需要查看其他開發者或自己的遠端分支時。"
GameManualItem/content/git branch/commandDetail/5/example,"當使用者 A 需要從使用者 B 開發的 'member-branch' 分支
查看開發進度時，可以執行以下指令："
GameManualItem/content/git branch/commandDetail/5/exampleBox,"git branch <color=#CF001C>member-branch</color> <color=""#173D91"">origin/member-branch</color>"
GameManualItem/content/git branch/commandDetail/5/hint,"1. 本地分支盡量與遠端分支名稱一致：
通常情況下，本地分支的名稱應與遠端分支相對應。
以減少混淆。

2. 確保執行此指令時，指定的分支名稱不存在：
和 'git branch' 指令相同，這個指令會在本地儲存庫上創建分支。
如果創建的分支名稱已存在，將停止運行。"
GameManualItem/content/git merge/1,"'git merge' 是一個重要的指令類型。
它涵蓋了 '提交記錄'、'分支管理' 這些領域。

這個指令能夠執行分支合併操作。
'將一個分支的修改內容移動到另一個分支中'。
這個動作稱為 '合併'。

在合併過程中，
Git 根據兩個目標分支的 '提交記錄' 自動選擇合併模式。
合併模式有以下三種：
1. 快進合併（Fast-Forward Merge）
2. 自動合併（Auto Merge）
3. 合併衝突（Merge Conflict）

關於這些合併模式的詳細說明，
可以參考遊戲手冊中的 'git merge 的合併模式'。"
GameManualItem/content/git merge/commandDetail/1,git merge <color=#CF001C>分支名稱</color>
GameManualItem/content/git merge/commandDetail/1/use,"將指定分支合併到當前分支上，
使得當前分支獲得指定分支的所有 '提交記錄'。"
GameManualItem/content/git merge/commandDetail/1/scenario,"1. 準備將已完成的分支合併到主分支時。
2. 在準備創建 Pull Request 之前，確認合併流程的步驟之一。"
GameManualItem/content/git merge/commandDetail/1/example,"當使用者 A 在 'new-feature' 分支上完成開發後，
想要將其內容合併到 'master' 分支上。
可以切換到 'master' 分支，然後執行以下指令："
GameManualItem/content/git merge/commandDetail/1/exampleBox,git merge <color=#CF001C>new-feature</color>
GameManualItem/content/git merge/commandDetail/1/hint,"1. 確認當前分支：
在執行合併之前，請確保當前分支是正確的。
以避免合併到錯誤的分支上，造成不必要的困擾。

2. 了解指定分支和當前所在分支的角色：
合併分支 A 到分支 B 的結果，
可能會不同於合併分支 B 到分支 A。

因此在進行合併之前，請先確定兩個分支的角色，
以避免合併到錯誤的分支。"
GameManualItem/content/git clone/1,"'git clone' 是與 '遠端管理' 有關的指令類型，
在使用遠端儲存庫時要執行的第一個指令。

這個指令類型允許您將遠端儲存庫的內容複製到本地設備，
同時創建本地設備和遠端儲存庫之間的連接。

通常情況下，複製成功的遠端儲存庫會被 Git 命名為 'origin'，
這些連接的遠端儲存庫會有一個別名，對應著遠端儲存庫的網址。"
GameManualItem/content/git clone/commandDetail/1,git clone <color=#CF001C>remote_repository_URL</color>
GameManualItem/content/git clone/commandDetail/1/use,將遠端儲存庫的內容複製到本地設備中。
GameManualItem/content/git clone/commandDetail/1/scenario,"1. 準備開始使用遠端儲存庫進行開發時。
2. 需要在新的設備上繼續專案開發時。"
GameManualItem/content/git clone/commandDetail/1/example,"當使用者 A 在 Git 服務平台（例如：GitHub、GitLab 等）上
創建了一個新的遠端儲存庫（例如：https://github.com/user/New-Project.git）。

如果要在自己的本地設備上開發專案時，
可以執行以下指令："
GameManualItem/content/git clone/commandDetail/1/exampleBox,git clone <color=#CF001C>https://github.com/user/New-Project.git</color>
GameManualItem/content/git clone/commandDetail/1/hint,"1. 確認當前命令行的路徑：
當執行此指令後，
Git 會在命令行路徑下創建一個與遠端儲存庫相同名稱的資料夾。
資料夾內包含了遠端儲存庫的所有檔案。

2. 了解指令執行失敗的原因：
指令執行失敗的原因可能是：
        1. 網路連接問題
        2. 權限問題
        3. 當前路徑的狀態

如果想要避免 '當前路徑的狀態' 造成指令執行失敗。
請您確保當前路徑中不包含與遠端儲存庫同名的資料夾，
並且該資料夾內容為空。"
GameManualItem/content/git remote/1,"'git remote' 是與 '遠端管理' 有關的指令類型。

這個指令用於確認專案是否已連接到其他遠端儲存庫，
並顯示已連接遠端儲存庫的網址和別名。

在實際使用 Git 時，
這個指令還可以用來新增或刪除與其他遠端儲存庫的連接。"
GameManualItem/content/git remote/commandDetail/1,git remote <color=#CF001C>-v 或 --verbose</color>
GameManualItem/content/git remote/commandDetail/1/use,"確認本地專案是否已與其他遠端儲存庫建立連接，
同時顯示連接儲存庫的網址和別名。"
GameManualItem/content/git remote/commandDetail/1/scenario,1. 當需要確認當前專案的遠端連接狀態時。
GameManualItem/content/git remote/commandDetail/1/example,"當使用者 A 已經成功將遠端儲存庫從 Git 服務平台複製到本地設備中。
如果想要確認是否已經正確連接到對應的遠端儲存庫，
可以執行以下指令："
GameManualItem/content/git remote/commandDetail/1/exampleBox,git remote <color=#CF001C>-v</color>
GameManualItem/content/git remote/commandDetail/1/hint,"1. 沒有與任何遠端儲存庫連接時不會有回應：
如果專案尚未建立與其他遠端儲存庫的連接。
執行指令後將不會返回任何訊息。"
GameManualItem/content/git push/1,"'git push' 是與 '遠端管理' 有關的指令類型

這個指令用於將本地分支的內容上傳到指定的遠端儲存庫，
同時遠端儲存庫將創建並更新相對應的遠端分支。"
GameManualItem/content/git push/commandDetail/1,"git push <color=#CF001C>遠端儲存庫別名</color> <color=""#173D91"">本地分支</color>"
GameManualItem/content/git push/commandDetail/1/use,"將指定的本地分支上傳到指定的遠端儲存庫。
在遠端儲存庫上創建同名的遠端分支，
並同步本地分支的 '提交記錄'。"
GameManualItem/content/git push/commandDetail/1/scenario,"1. 當已完成部分功能時。
2. 需要備份本地分支的內容時。
3. 當功能已經完全開發完畢時。"
GameManualItem/content/git push/commandDetail/1/example,"當使用者 A 已經在 'new-feature' 分支上完成功能。
想要上傳分支的內容到遠端儲存庫，可以執行以下指令："
GameManualItem/content/git push/commandDetail/1/exampleBox,"git push <color=#CF001C>origin</color> <color=""#173D91"">new-feature</color>"
GameManualItem/content/git push/commandDetail/1/hint,"1. 確認遠端儲存庫的名稱：
通常情況下，在開發專案時只需要連接一個遠端儲存庫
這個遠端儲存庫在 Git 中被命名為 'origin'。

但是，如果您有連接到多個遠端儲存庫。
在上傳修改內容之前，
請使用 'git remote -v' 指令檢查正確的遠端儲存庫名稱。"
GameManualItem/content/git push/commandDetail/2,"git push <color=#CF001C>-d 或 --delete</color> <color=""#173D91"">遠端儲存庫別名</color> <color=#244B0E>分支名稱</color>"
GameManualItem/content/git push/commandDetail/2/use,刪除指定遠端儲存庫中的特定遠端分支。
GameManualItem/content/git push/commandDetail/2/scenario,1. 當特定遠端分支已經被合併到遠端主分支時。
GameManualItem/content/git push/commandDetail/2/example,"當使用者 A 創建的 Pull Request 
已經將 'new-feature' 分支成功合併到遠端的 'master' 分支時，
可以執行以下指令來刪除遠端分支："
GameManualItem/content/git push/commandDetail/2/exampleBox,"git push <color=#CF001C>-d</color> <color=""#173D91"">origin</color> <color=#244B0E>new-feature</color>"
GameManualItem/content/git push/commandDetail/2/hint,"1. 確認遠端儲存庫的名稱：
通常情況下，在開發專案時只需要連接一個遠端儲存庫
這個遠端儲存庫在 Git 中被命名為 'origin'。

但是，如果您有連接到多個遠端儲存庫。
在刪除分支之前，
請使用 'git remote -v' 指令檢查正確的遠端儲存庫名稱。"
GameManualItem/content/git pull/1,"'git pull' 是與 '遠端管理' 有關的指令類型

這個指令用於將本地分支與遠端儲存庫中的分支同步，
以確保您的本地分支保持最新的狀態。

當執行這個指令時，它會依序執行以下兩個操作：
1. 從遠端儲存庫下載最新的 '提交記錄'
2. 將這些新的 '提交記錄' 合併到您的本地分支

其中，第 2 個操作和 'git merge' 指令的功能相似，
Git 將根據分支之間的差異自動選擇合併模式之一。"
GameManualItem/content/git pull/commandDetail/1,"git pull <color=#CF001C>遠端儲存庫別名</color> <color=""#173D91"">分支名稱</color>"
GameManualItem/content/git pull/commandDetail/1/use,將當前本地分支同步至指定遠端儲存庫中的指定遠端分支。
GameManualItem/content/git pull/commandDetail/1/scenario,"1. 需要在其他本地設備上開發專案時。
2. 在準備創建 Pull Request 之前，確認合併流程的步驟之一"
GameManualItem/content/git pull/commandDetail/1/example,"當使用者 A 需要在其他設備上開發專案，
但本地儲存庫已經很長時間沒有更新時，
可以執行以下指令來更新本地 'new-feature' 分支："
GameManualItem/content/git pull/commandDetail/1/exampleBox,"git pull <color=#CF001C>origin</color> <color=""#173D91"">new-feature</color>"
GameManualItem/content/git pull/commandDetail/1/hint,"1. 確認遠端儲存庫的名稱：
通常情況下，在開發專案時只需要連接一個遠端儲存庫
這個遠端儲存庫在 Git 中被命名為 'origin'。

但是，如果您有連接到多個遠端儲存庫。
在更新內容之前，
請使用 'git remote -v' 指令檢查正確的遠端儲存庫名稱。

2. 確保切換到正確的分支：
在執行這個指令之前，請確保您位於正確的分支上。

假如您在 'master' 分支上執行 'git pull origin new-feature'，
'master' 分支會獲得遠端 'new-feature'的 '提交記錄'。
這會造成不必要的困擾。"
GameManualItem/content/IntroGameManual/1,"遊戲手冊可以幫助您回顧之前在遊戲中學到的內容。
您隨時可以在選擇關卡畫面或遊玩關卡時開啟它以查看手冊內容。

如果在遊戲中遇到困難，無法解決當前的挑戰時。
遊戲手冊可以提供提示和解決方案。

隨著您遊玩新的關卡，新的知識將被解鎖並添加到其中。
根據知識的種類分為三個主題：
1. Git 指令
遊戲中會學到的 Git 指令都歸類在這個分類下。
包括每個指令的使用方法、情境和注意事項。

2. 遊戲規則與視窗
這個分類包括了遊戲中的系統、視窗、規則等內容。
如果您想回顧如何操作遊戲，就可以從此分類來了解。

3. 版本控制
這裡包含版本控制、Git 相關的知識和概念。

當完成遊戲的某個關卡後，想要複習之前學到的知識時。
就可以開啟遊戲手冊來複習。
或者是直接在選擇關卡畫面中選擇要複習的關卡並進行實際練習。"
GameManualItem/content/IntroGameManual/2/Title,手冊知識列表：
GameManualItem/content/IntroGameManual/2,"在遊戲手冊中，左側列出了每個主題下的內容。
您可以點擊左上方的分類按鈕，以查看每個分類中包含的知識列表。

知識列表有三種不同的圖示：
1. 未解鎖的知識，您可以通過遊玩新關卡來解鎖。"
GameManualItem/content/IntroGameManual/3,2. 已解鎖的知識。
GameManualItem/content/IntroGameManual/4,3. 已解鎖的知識，並且在當前關卡中會使用到。
GameManualItem/content/IntroGameManual/5,"在遊戲手冊中，如果您看到 ★ 圖示，
通常表示該知識會在當前關卡中使用。

這個提示對 'Git 指令' 分類特別有幫助，
它能幫助您確定哪些指令將在當前關卡中使用。"
GameManualItem/content/IntroFileContent/1,"檔案內容視窗模擬了現實電腦中的文件編輯工具，
讓您可以對指定文件的內容進行編輯。

這個視窗具備以下功能：
1. 新增內容
2. 修改特定行數的內容
3. 刪除特定行數的內容
4. 重新命名當前文件"
GameManualItem/content/IntroFileContent/2/Title,標題欄介紹
GameManualItem/content/IntroFileContent/2,"左側文字：當前編輯的文件名稱
右側鉛筆圖示：重新命名文件按鈕"
GameManualItem/content/IntroFileContent/3/Title,文件內容區域
GameManualItem/content/IntroFileContent/3,"在開啟指定文件後，文件的內容會顯示在此區域。
這個區域包括以下內容：
·左側鉛筆按鈕：修改指定行數文字內容
·中間文字：當前行數的文字內容
·右側 X 按鈕：刪除指定行數文字內容

此外，底部有一個 + 按鈕，用於新增文件內容。"
GameManualItem/content/IntroFileContent/4,"如果您在遊戲過程中執行了不正確的操作，
系統會在此顯示錯誤訊息，並提供造成錯誤的原因。

想要了解如何避免操作錯誤發生
可以參考遊戲手冊中的 '如何完美達成目標'。"
GameManualItem/content/IntroFileManager/1,"檔案管理視窗模擬了現實電腦中的檔案總管系統，
展示目前模擬背景中的電腦內容。

在使用 Git 的過程中，檔案管理視窗會維持打開的狀態。
因為某些 Git 指令需要您輸入特定檔案的名稱。"
GameManualItem/content/IntroFileManager/2/Title,工具欄介紹
GameManualItem/content/IntroFileManager/2,"左側按鈕：返回上一層資料夾
右側文字框：顯示目前所在的資料夾位置/路徑（Home 表示首頁）"
GameManualItem/content/IntroFileManager/3/Title,檔案類型介紹
GameManualItem/content/IntroFileManager/3,"在本遊戲裡，檔案管理中的文件簡單分為兩種類型。
您可以根據圖示進行區分：

1. 文件類型"
GameManualItem/content/IntroFileManager/4,"您可以透過點擊滑鼠左鍵來開啟 '檔案內容' 視窗。
同時，右鍵點擊文件圖示會彈出功能選單。

2. 資料夾類型"
GameManualItem/content/IntroFileManager/5,"對目標資料夾點擊滑鼠左鍵來移動路徑。
移動後，您可以查看資料夾中的內容。"
GameManualItem/content/IntroFileManager/6,"如果您在遊戲過程中執行了不正確的操作，
系統會在此顯示錯誤訊息，並提供造成錯誤的原因。

想要了解如何避免操作錯誤發生
可以參考遊戲手冊中的 '如何完美達成目標'。"
GameManualItem/content/IssuesBackupFile/1,"備份檔案雖然能夠簡單快速的管理專案。
但是長期下來會產生大量問題，
導致專案變得難以管理，進而影響開發效率。

以下將介紹幾個常見的問題：
1. 專案資料夾出現不相關的文件
如果需要備份檔案，就需要複製文件並命名成方便辨識的名稱。
時間一長，資料夾中會多出大量不相關的文件，造成管理上的不便。

2. 難以查看不同版本的差異：
如果想要知道某個版本的檔案做了什麼修改時，
需要將整個文件內容瀏覽一遍才行。
當開發過程中發生嚴重錯誤時，會花費大量時間和精力去尋找發生錯誤的來源。

3. 修改到錯誤的檔案上
當專案中出現過多不相關的檔案時，
可能會不小心在舊版本文件上改動內容。
造成專案記錄錯亂。

4. 團隊開發的不便
當我們想要與其他人合作開發專案時，
備份檔案的方式會嚴重破壞開發流程。
例如：備份檔案的數量、查看版本差異的時間、如何將團隊的內容合併在一起等系列問題。

以上只是較為常見的問題，
使用備份檔案來管理專案，可能會造成許多意想不到的麻煩。

使用 Git 來管理專案，
能夠解決上述問題，進而提升專案的穩定性和效率。
讓您可以花費更多時間在開發專案上。"
GameManualItem/content/DetachedHEAD/1,"分離 HEAD（Detached HEAD）是一種情況，
指的是當目前 HEAD 位於某個提交上，而不在 Git 儲存庫中的任何分支上時。

這種情況通常發生在我們使用以下指令時："
GameManualItem/content/DetachedHEAD/1/Command,git checkout <color=#CF001C>提交ID</color>
GameManualItem/content/DetachedHEAD/2,"這個指令會將 HEAD 移動到指定的提交，此時 HEAD 會處於 '分離 HEAD' 狀態。

如果在這種情況下創建新的提交，它將不屬於任何分支。
這些提交不僅存在丟失的風險，還會引起專案管理上的麻煩。

因此，當我們切換到其他提交以查看檔案內容後。
請不要忘記要切換回要進行開發的分支上。
您可以使用以下指令來切換回指定分支："
GameManualItem/content/DetachedHEAD/2/Command,git checkout <color=#CF001C>分支名稱</color>
GameManualItem/content/DetachedHEAD/2/tip,"在遊戲中，當分離 HEAD 的情況發生時，
提交記錄視窗的 HEAD 旗子圖示將變為透明。
此外，遊戲會提醒您在分離 HEAD 情況下無法進行提交。"
GameManualItem/content/.gitAndGitCoreAreas/1/Title,.git 資料夾介紹
GameManualItem/content/.gitAndGitCoreAreas/1,"當您確定好要管理的專案後，
我們需要在專案資料夾路徑下執行以下指令來創建 Git 管理系統："
GameManualItem/content/.gitAndGitCoreAreas/1/Command,git init
GameManualItem/content/.gitAndGitCoreAreas/2,執行成功後，專案資料夾中將會生成一個名為 '.git' 的隱藏資料夾。
GameManualItem/content/.gitAndGitCoreAreas/3,".git' 是 Git 的核心組成部份，它將儲存與專案相關的所有資料，
包括所有版本修改歷史等信息。
如果沒有這個資料夾，您將無法執行大部分的 Git 指令。"
GameManualItem/content/.gitAndGitCoreAreas/4/Title,Git 的核心區域
GameManualItem/content/.gitAndGitCoreAreas/5,"Git 基本是由三個重要的區域所組成，
這些區域將幫助我們使用 Git 來管理專案：

1. 工作目錄 (Working Directory)：
專案資料夾內的區域都稱作工作目錄，
包括專案中的文字、圖片檔案。
在工作目錄中，我們將新增、編輯檔案內容來開發專案。

2. 暫存區域 (Staging Area)：
暫存區域作為 '工作目錄' 與 '儲存庫' 之間的橋樑，
我們將 '工作目錄' 中已修改的檔案移動到此區域。
在準備完成後，通過指令一次性地將它們移動到 '儲存庫' 中，
來創建一個新的 '提交'。

3. 儲存庫 (Repository)：
儲存庫是 Git 的核心區域，它保存了專案中的所有記錄。
當完成提交後，它將存放至 '儲存庫' 中的 '提交記錄' 區域中。
這個區域有助於追蹤版本之間的變化。"
GameManualItem/content/.gitAndGitCoreAreas/5/tip,"實際上，'.git' 資料夾其實就是 '儲存庫'，
而 '暫存區域' 也位於這個資料夾中。"
GameManualItem/content/RuleNameBranch/1,"學習如何命名分支是非常重要的，
因為清晰明確的分支名稱有助於更有效地管理專案。
並讓團隊更容易理解每個分支間的用途。

以下是命名分支的一些原則：
1. 保持簡潔明確： 
分支名稱應該簡單而明確，
包含足夠的信息以描述創建分支的目的。"
GameManualItem/content/RuleNameBranch/1/tip,"例如：使用 'fix-login-bug' 比 'fix-login-bug-in-homepage' 更好。
避免使用過長的分支名稱。"
GameManualItem/content/RuleNameBranch/2,"
2. 避免使用特殊符號、空格、中文：
分支名稱應該避免使用特殊符號、空格和中文字。
以確保專案能在不同語言環境下使用和閱讀。

正確的命名應該使用小寫英文字母，
並使用短劃線（-）或正斜杠（/）來區分單字。
這樣可以增加分支命名的可讀性。"
GameManualItem/content/RuleNameBranch/2/tip,例如：'new-system-feature' 或 'new/system/feature'
GameManualItem/content/RuleNameBranch/3,"
3. 包括作者名稱：
在團隊開發中，將作者名稱寫入分支名稱。
有助於追蹤團隊成員的開發進度，並能夠識別出負責開發的人。"
GameManualItem/content/RuleNameBranch/3/tip,例如：'john-bugfix-quest'
GameManualItem/content/RuleNameBranch/4,"
4. 添加事件ID：
專案開發的過程中，開發者通常會建立多個討論區以解決問題。
當修復特定問題時，
將事件 ID 寫入分支名稱有助於追蹤對應問題。"
GameManualItem/content/RuleNameBranch/4/tip,例如：'pan-3759-trade'
GameManualItem/content/RuleNameBranch/5,"以上的分支命名原則有助於了解每個分支的用途。

如果您參與了團隊開發，
請遵循團隊的分支命名原則，以保持一致性，
這有助於團隊更好地理解和管理分支。"
GameManualItem/content/ProcessCreateCommit/1,"當成功完成特定功能的開發，或者需要備份開發中的內容時。
我們就需要在本地儲存庫中創建提交。
以下是創建提交的流程：
1. 確定要上傳的檔案：
我們需要將檔案移到暫存區域，才能將檔案內容推送到儲存庫以創建提交。
請通過指令來確認暫存區域中包含了需要保存的檔案，
而不相關的檔案則不應該放入暫存區域中。

2. 填寫提交訊息並創建提交：
在確認完成後，通過以下指令來創建提交。"
GameManualItem/content/ProcessCreateCommit/1/Command,"git commit <color=#CF001C>-m 或 --message</color> <color=""#173D91"">""提交訊息""</color>"
GameManualItem/content/ProcessCreateCommit/2,"提交訊息應該清晰地描述你所做的更改，
這有助於以後追蹤和理解提交的目的。

執行指令後，表示您已完成創建提交，
您也可以透過以下指令來確認操作是否成功。"
GameManualItem/content/ProcessCreateCommit/2/Command,git log
GameManualItem/content/ProcessCreateCommit/3,"
3. 將提交上傳至遠端儲存庫（可選）
在本地分支上完成開發後，
可以通過以下指令來推送到連結的遠端儲存庫："
GameManualItem/content/ProcessCreateCommit/3/Command,"git push <color=#CF001C>遠端儲存庫別名</color> <color=""#173D91"">本地分支</color>"
GameManualItem/content/RuleCommitMessage/1,"學習如何填寫 Git 提交訊息是非常重要的，
因為清晰明確的提交訊息可以更好地管理專案，
並讓團隊和個人更容易理解每個提交的目的。

以下是填寫提交訊息的一些原則：
1. 保持簡潔明確： 
良好的提交訊息應該能夠用一句話清楚說明本次提交的目的，
以幫助其他開發者快速理解。"
GameManualItem/content/RuleCommitMessage/1/tip,例如：'新增網頁登入界面結構'。
GameManualItem/content/RuleCommitMessage/2,"
2. 使用關鍵訊息： 
根據提交的目的，可以在訊息的開頭使用動詞。"
GameManualItem/content/RuleCommitMessage/2/tip,"加上 '新增'、'更新'、'刪除' 等動詞以增加可讀性。
例如：'修復錯誤：登入後未顯示歡迎訊息'。"
GameManualItem/content/RuleCommitMessage/3,"
3. 避免無意義的訊息： 
在填寫提交信息時，避免使用模糊或無意義的訊息。
因為這會讓其他開發者難以理解提交的目的。"
GameManualItem/content/RuleCommitMessage/3/tip,"例如：只填寫 '新增提交' 或 '修復錯誤'
簡短且沒有特定意義的訊息。"
GameManualItem/content/RuleCommitMessage/4,"
4. 專注於單一主題： 
良好的開發流程中，應該專注於一個特定目標，
並將目標填寫在提交訊息中。
這樣不僅能夠讓每個提交更加明確，也減少了開發風險。"
GameManualItem/content/RuleCommitMessage/4/tip,"例如，如果同時開發功能 A 和功能 B，但它們之間關聯不大。
就可以考慮將它們分為兩次提交。"
GameManualItem/content/RuleCommitMessage/5,"這些提交訊息原則，
有助於團隊和個人更好地理解提交之間的目的，
提高專案管理的穩定性和效率。"